0,Hierarchical Adversarially Learned Inference
1,Learning to Compute Word Embeddings On the Fly
2,Graph2Seq: Scalable Learning Dynamics for Graphs
3,Generating Differentially Private Datasets Using GANs
4,Representing dynamically: An active process for describing sequential data
5,Semi-supervised Outlier Detection using Generative And Adversary Framework
6,Automatic Parameter Tying in Neural Networks
7,GraphGAN: Generating Graphs via Random Walks
8,Towards Binary-Valued Gates for Robust LSTM Training
9,Discrete-Valued Neural Networks Using Variational Inference
10,Massively Parallel Hyperparameter Tuning
11,Transfer Learning to Learn with Multitask Neural Model Search
12,YellowFin and the Art of Momentum Tuning
13,GradNorm: Gradient Normalization for Adaptive Loss Balancing in Deep Multitask Networks
14,Online Hyper-Parameter Optimization
15,Evolutionary Expectation Maximization for Generative Models with Binary Latents
16,Toward learning better metrics for sequence generation training with policy gradient
17,Dynamic Evaluation of Neural Sequence Models
18,SQLNet: Generating Structured Queries From Natural Language Without Reinforcement Learning
19,SIC-GAN: A Self-Improving Collaborative GAN for Decoding Sketch RNNs
20,Pointing Out SQL Queries From Text
21,Achieving morphological agreement with Concorde
22,Generative Models for Alignment and Data Efficiency in Language
23,Estimation of cross-lingual news similarities using text-mining methods
24,Jiffy: A Convolutional Approach to Learning Time Series Similarity
25,Optimizing the Latent Space of Generative Networks
26,Real-valued (Medical) Time Series Generation with Recurrent Conditional GANs
27,Statestream: A toolbox to explore layerwise-parallel deep neural networks
28,BinaryFlex: On-the-Fly Kernel Generation in Binary Convolutional Networks
29,ResBinNet: Residual Binary Neural Network
30,No Title
31,Generalization of Learning using Reservoir Computing
32,Interpreting Deep Classification Models With Bayesian Inference
33,Evaluation of generative networks through their data augmentation capacity
34,No Title
35,No Title
36,"MACH: Embarrassingly parallel $K$-class classification in $O(d\log{K})$ memory and $O(K\log{K} + d\log{K})$ time, instead of $O(Kd)$"
37,Code Synthesis with Priority Queue Training
38,Composable Planning with Attributes
39,Neural Task Graph Execution
40,No Title
41,Realtime query completion via deep language models
42,Learning what to learn in a neural program
43,Discovery of Predictive Representations With a Network of General Value Functions
44,Autostacker: an Automatic Evolutionary Hierarchical  Machine Learning System
45,Lifelong Learning with Output Kernels
46,Network Iterative Learning for Dynamic Deep Neural Networks via Morphism
47,Adversarial Learning for Semi-Supervised Semantic Segmentation
48,Deep Asymmetric Multi-task Feature Learning
49,Feature Map Variational Auto-Encoders
50,Prediction Under Uncertainty with Error Encoding Networks
51,Learning to Generate Filters for Convolutional Neural Networks
52,3C-GAN: AN CONDITION-CONTEXT-COMPOSITE GENERATIVE ADVERSARIAL NETWORKS FOR GENERATING IMAGES SEPARATELY
53,Generative Adversarial Networks using Adaptive Convolution
54,Self-Supervised Learning of Object Motion Through Adversarial Video Prediction
55,A Deep Predictive Coding Network for Learning Latent Representations
56,A Self-Training Method for Semi-Supervised GANs
57,Attention-based Graph Neural Network for Semi-supervised Learning
58,FAST READING COMPREHENSION WITH CONVNETS
59,Jointly Learning Sentence Embeddings and Syntax with Unsupervised Tree-LSTMs
60,LEARNING SEMANTIC WORD RESPRESENTATIONS VIA TENSOR FACTORIZATION
61,Topology Adaptive Graph Convolutional  Networks
62,No Title
63,Stochastic Training of Graph Convolutional Networks
64,Recurrent Relational Networks for complex relational reasoning
65,Finding ReMO (Related Memory Object): A Simple neural architecture for Text based Reasoning
66,Neural Tree Transducers for Tree to Tree Learning
67,Revisiting Knowledge Base Embedding as Tensor Decomposition
68,Learning To Generate Reviews and Discovering Sentiment
69,Zero-shot Cross Language Text Classification
70,Learning to Optimize Neural Nets
71,Censoring Representations with Multiple-Adversaries over Random Subspaces
72,Deep Continuous Clustering
73,Unsupervised Deep Structure Learning by Recursive Dependency Analysis
74,LEAP: Learning Embeddings for Adaptive Pace
75,Nearest Neighbour Radial Basis Function Solvers for Deep Neural Networks
76,Discovering Order in Unordered Datasets: Generative Markov Networks
77,Directing Generative Networks with Weighted Maximum Mean Discrepancy
78,Gaussian Prototypical Networks for Few-Shot Learning on Omniglot
79,DOUBLY STOCHASTIC ADVERSARIAL AUTOENCODER
80,Fixing Weight Decay Regularization in Adam
81,Hallucinating brains with artificial brains
82,An empirical study on evaluation metrics of generative adversarial networks
83,Loss Functions for Multiset Prediction
84,A Deep Learning Approach for Survival Clustering without End-of-life Signals
85,Achieving Strong Regularization for Deep Neural Networks
86,Graph Classification with 2D Convolutional Neural Networks
87,Kernel Graph Convolutional Neural Nets
88,No Title
89,Deep Generative Dual Memory Network for Continual Learning
90,The Variational Homoencoder: Learning to Infer High-Capacity Generative Models from Few Examples
91,Revisiting Bayes by Backprop
92,Lifelong Generative Modeling
93,Learning temporal evolution of probability distribution with Recurrent Neural Network
94,Learning Gaussian Policies from Smoothed Action Value Functions
95,On the difference between building and extracting patterns: a causal analysis of deep generative models.
96,Continuous-Time Flows for Efficient Inference and Density Estimation
97,Bayesian Time Series Forecasting with Change Point and Anomaly Detection
98,State Space LSTM Models with Particle MCMC Inference
99,Joint autoencoders: a flexible meta-learning framework
100,Convolutional Normalizing Flows
101,Distributed non-parametric deep and wide networks
102,Better Generalization by Efficient Trust Region Method
103,Flexible Prior Distributions for Deep Generative Models
104,An information-theoretic analysis of deep latent-variable models
105,Bias-Variance Decomposition for Boltzmann Machines
106,Classifier-to-Generator Attack: Estimation of Training Data Distribution from Classifier
107,Towards a Testable Notion of Generalization for Generative Adversarial Networks
108,"Dissecting Adam: The Sign, Magnitude and Variance of Stochastic Gradients"
109,A comparison of second-order methods for deep convolutional neural networks
110,Integrating Episodic Memory into a Reinforcement Learning Agent Using Reservoir Sampling
111,Faster Distributed Synchronous SGD with Weak Synchronization
112,Character Level Based Detection of DGA Domain Names
113,Unbiasing Truncated Backpropagation Through Time
114,Large-scale Cloze Test Dataset Designed by Teachers
115,Sensor Transformation Attention Networks
116,Training Deep AutoEncoders for Recommender Systems
117,Enhancing Batch Normalized Convolutional Networks using Displaced Rectifier Linear Units: A Systematic Comparative Study
118,DEEP DENSITY NETWORKS AND UNCERTAINTY IN RECOMMENDER SYSTEMS
119,Improving Search Through A3C Reinforcement Learning Based Conversational Agent
120,Dense Recurrent Neural Network with Attention Gate
121,Compact Encoding of Words for Efficient Character-level Convolutional Neural Networks Text Classification
122,On the Use of Word Embeddings Alone to Represent Natural Language Sequences
123,STRUCTURED ALIGNMENT NETWORKS
124,Iterative Deep Compression : Compressing Deep Networks for Classification and Semantic Segmentation
125,Discrete Autoencoders for Sequence Models
126,Inducing Grammars with and for Neural Machine Translation
127,Seq2SQL: Generating Structured Queries From Natural Language Using Reinforcement Learning
128,Generative Entity Networks: Disentangling Entitites and Attributes in Visual Scenes using Partial Natural Language Descriptions
129,No Title
130,EXPLORING NEURAL ARCHITECTURE SEARCH FOR LANGUAGE TASKS
131,Exploring Sentence Vectors Through Automatic Summarization
132,Global Convergence of Policy Gradient Methods for Linearized  Control Problems
133,Depth separation and weight-width trade-offs for sigmoidal neural networks
134,Spectral Graph Wavelets for Structural Role Similarity in Networks
135,Understanding GANs: the LQG Setting
136,Representing Entropy : A short proof of the equivalence between soft Q-learning and policy gradients
137,Graph Topological Features via GAN
138,Orthogonal Recurrent Neural Networks with Scaled Cayley Transform
139,Federated Learning: Strategies for Improving Communication Efficiency
140,Discrete Sequential Prediction of Continuous Actions for Deep RL
141,Residual Gated Graph ConvNets
142,Neural Networks with Block Diagonal Inner Product Layers
143,Training with Growing Sets: A Simple Alternative to Curriculum Learning and Self Paced Learning
144,Autoregressive Convolutional Neural Networks for Asynchronous Time Series
145,Revisiting The Master-Slave Architecture In Multi-Agent Deep Reinforcement Learning
146,Training Neural Machines with Partial Traces
147,Improving Deep Learning by Inverse Square Root Linear Units (ISRLUs)
148,Now I Remember! Episodic Memory For Reinforcement Learning
149,Key Protected Classification for GAN Attack Resilient Collaborative Learning
150,Long Term Memory Network for Combinatorial Optimization Problems
151,Multi-Task Learning by Deep Collaboration and Application in Facial Landmark Detection
152,Exploring the Hidden Dimension in Accelerating Convolutional Neural Networks
153,Discovering the mechanics of hidden neurons
154,No Title
155,Image Transformer
156,Image Segmentation by Iterative Inference from Conditional Score Estimation
157,AirNet: a machine learning dataset for air quality forecasting
158,No Title
159,Video Action Segmentation with Hybrid Temporal Networks
160,Understanding Grounded Language Learning Agents
161,Fast and Accurate Inference with Adaptive Ensemble Prediction for Deep Networks
162,A Painless Attention Mechanism for Convolutional Neural Networks
163,Do Deep Reinforcement Learning Algorithms really Learn to Navigate?
164,Learning to navigate by distilling visual information and natural language instructions
165,No Title
166,What is image captioning made of?
167,XGAN: Unsupervised Image-to-Image Translation for many-to-many Mappings
168,Synthesizing Robust Adversarial Examples
169,CAYLEYNETS: SPECTRAL GRAPH CNNS WITH COMPLEX RATIONAL FILTERS
170,Network of Graph Convolutional Networks Trained on Random Walks
171,Optimal transport maps for distribution preserving operations on latent spaces of Generative Models
172,Learning Graph Convolution Filters from Data Manifold
173,"Universality, Robustness, and Detectability of Adversarial Perturbations under Adversarial Training"
174,Ground-Truth Adversarial Examples
175,CNNs as Inverse Problem Solvers and Double Network Superresolution
176,UPS: optimizing Undirected Positive Sparse graph for neural graph filtering
177,On Characterizing the Capacity of Neural Networks Using Algebraic Topology
178,Exploring Asymmetric Encoder-Decoder Structure for Context-based Sentence Representation Learning
179,Learning Document Embeddings With CNNs
180,Modifying memories in a Recurrent Neural Network Unit
181,Tree2Tree Learning with Memory Unit
182,Coupled Ensembles of Neural Networks
183,Log-DenseNet: How to Sparsify a DenseNet
184,Generating Adversarial Examples with Adversarial Networks
185,Ensemble Methods as a Defense to Adversarial Perturbations Against Deep Neural Networks
186,Sparse-Complementary Convolution for Efficient Model Utilization on CNNs
187,MACHINE VS MACHINE: MINIMAX-OPTIMAL DEFENSE AGAINST ADVERSARIAL EXAMPLES
188,Enhancing the Transferability of Adversarial Examples with Noise Reduced Gradient
189,CrescendoNet: A Simple Deep Convolutional Neural Network with Ensemble Behavior
190,A Tensor Analysis on Dense Connectivity via Convolutional Arithmetic Circuits
191,Deep Boosting of Diverse Experts
192,Unsupervised Hierarchical Video Prediction
193,The Manifold Assumption and Defenses Against Adversarial Perturbations
194,On the Generalization Effects of DenseNet Model Structures
195,Sparse Attentive Backtracking: Long-Range Credit Assignment in Recurrent Networks
196,Learning Parsimonious Deep Feed-forward Networks
197,Overcoming the vanishing gradient problem in plain recurrent networks
198,Efficiently applying attention to sequential data with the Recurrent Discounted Attention unit
199,GATED FAST WEIGHTS FOR ASSOCIATIVE RETRIEVAL
200,Learnability of Learned Neural Networks
201,Linearly Constrained Weights: Resolving the Vanishing Gradient Problem by Reducing Angle Bias
202,Regularization for Deep Learning: A Taxonomy
203,Taking Apart Autoencoders: How do They Encode Geometric Shapes ?
204,AANN: Absolute Artificial Neural Network
205,Style Memory: Making a Classifier Network Generative
206,DNN Model Compression Under Accuracy Constraints
207,Spontaneous Symmetry Breaking in Deep Neural Networks
208,No Title
209,Anytime Neural Network: a Versatile Trade-off Between Computation and Accuracy
210,Pixel Deconvolutional Networks
211,Image Quality Assessment Techniques Improve Training and Evaluation of Energy-Based Generative Adversarial Networks
212,Continuous Convolutional Neural Networks for Image Classification
213,DNN Representations as Codewords: Manipulating Statistical Properties via Penalty Regularization
214,Reinforcement Learning via Replica Stacking of Quantum Measurements for the Training of Quantum Boltzmann Machines
215,Learning Deep ResNet Blocks Sequentially using Boosting Theory
216,Characterizing Sparse Connectivity Patterns in Neural Networks
217,Neural Networks for irregularly observed continuous-time Stochastic Processes
218,Learning Representations for Faster Similarity Search
219,VOCABULARY-INFORMED VISUAL FEATURE AUGMENTATION FOR ONE-SHOT LEARNING
220,Network Signatures from Image Representation of Adjacency Matrices: Deep/Transfer Learning for Subgraph Classification
221,Learning Non-Metric Visual Similarity for Image Retrieval
222,GENERATIVE LOW-SHOT NETWORK EXPANSION
223,Unseen Class Discovery in Open-world Classification
224,Improving image generative models with human interactions
225,"Learning to Select: Problem, Solution, and Applications"
226,Learning objects from pixels
227,An Out-of-the-box Full-network Embedding for Convolutional Neural Networks
228,On the Construction and Evaluation of Color Invariant Networks
229,Towards Interpretable Chit-chat: Open Domain Dialogue Generation with Dialogue Acts
230,No Title
231,Baseline-corrected space-by-time non-negative matrix factorization for decoding single trial population spike trains
232,Latent Topic Conversational Models
233,Ego-CNN: An Ego Network-based Representation of Graphs Detecting Critical Structures
234,Multimodal Sentiment Analysis To Explore the Structure of Emotions
235,Enhance Word Representation for Out-of-Vocabulary on Ubuntu Dialogue Corpus
236,Towards Building Affect sensitive Word Distributions
237,Relevance of Unsupervised Metrics in Task-Oriented Dialogue for Evaluating Natural Language Generation
238,No Title
239,A Neural Method for Goal-Oriented Dialog Systems to interact with Named Entities
240,A Goal-oriented Neural Conversation Model by Self-Play
241,A Self-Organizing Memory Network
242,When and where do feed-forward neural networks learn localist representations?
243,Contextual memory bandit for pro-active dialog engagement
244,Iterative temporal differencing with fixed random feedback alignment support spike-time dependent plasticity in vanilla backpropagation for deep learning
245,Unleashing the Potential of CNNs for Interpretable Few-Shot Learning
246,Semi-Supervised Learning via New Deep Network Inversion
247,Disentangled activations in deep networks
248,From Information Bottleneck To Activation Norm Penalty
249,Learning Independent Features with Adversarial Nets for Non-linear ICA
250,IVE-GAN: Invariant Encoding Generative Adversarial Networks
251,Forced Apart: Discovering Disentangled Representations Without Exhaustive Labels
252,No Title
253,Counterfactual Image Networks
254,Learning Generative Models with Locally Disentangled Latent Factors
255,Transfer Learning on Manifolds via Learned Transport Operators
256,No Title
257,Block-Sparse Recurrent Neural Networks
258,Principled Hybrids of Generative and Discriminative Domain Adaptation
259,Trace norm regularization and faster inference for embedded speech recognition RNNs
260,Word2net: Deep Representations of Language
261,Gated ConvNets for Letter-Based ASR
262,How do deep convolutional neural networks learn from raw audio waveforms?
263,“Style” Transfer for Musical Audio Using Multiple Time-Frequency Representations
264,Modeling Latent Attention Within Neural Networks
265,Tandem Blocks in Deep Convolutional Neural Networks
266,Multi-task Learning on MNIST Image Datasets
267,Deep Learning is Robust to Massive Label Noise
268,Post-training for Deep Learning
269,Parametrizing filters of a CNN with a GAN
270,WHAT ARE GANS USEFUL FOR?
271,Avoiding degradation in deep feed-forward networks by phasing out skip-connections
272,No Title
273,Training Autoencoders by Alternating Minimization
274,Stabilizing Gradients for Deep Neural Networks via Efficient SVD Parameterization
275,Dynamic Integration of Background Knowledge in Neural NLU Systems
276,BLOCK-DIAGONAL HESSIAN-FREE OPTIMIZATION FOR TRAINING NEURAL NETWORKS
277,Unbiased scalable softmax optimization
278,Large Scale Multi-Domain Multi-Task Learning with MultiModel
279,Large Batch Training of Convolutional Networks with Layer-wise Adaptive Rate Scaling
280,Normalized Direction-preserving Adam
281,On Batch Adaptive Training for Deep Learning: Lower Loss and Larger Step Size
282,Super-Convergence: Very Fast Training of Residual Networks Using Large Learning Rates
283,Understanding and Exploiting the Low-Rank Structure of Deep Networks
284,Bit-Regularized Optimization of Neural Nets
285,ANALYSIS ON GRADIENT PROPAGATION IN BATCH NORMALIZED RESIDUAL NETWORKS
286,Lifelong Learning by Adjusting Priors
287,Rethinking generalization requires revisiting old ideas: statistical mechanics approaches and complex learning behavior
288,Data augmentation instead of explicit regularization
289,Parametric Information Bottleneck to Optimize Stochastic Neural Networks
290,Byte-Level Recursive Convolutional Auto-Encoder for Text
291,UNSUPERVISED SENTENCE EMBEDDING USING DOCUMENT STRUCTURE-BASED CONTEXT
292,An Ensemble of Retrieval-Based and Generation-Based Human-Computer Conversation Systems.
293,Neural Compositional Denotational Semantics for Question Answering
294,Learning to Encode Text as Human-Readable Summaries using Generative Adversarial Networks
295,No Title
296,Adversarial reading networks for machine comprehension
297,Adversarial Examples for Natural Language Classification Problems
298,Sequence Transfer Learning for Neural Decoding
299,Multi-label Learning for Large Text Corpora using Latent Variable Model with Provable Gurantees
300,Dependent Bidirectional RNN with Extended-long Short-term Memory
301,Associative Conversation Model: Generating Visual Information from Textual Information
302,DDRprog: A CLEVR Differentiable Dynamic Reasoning Programmer
303,Learning to search with MCTSnets
304,Piecewise Linear Neural Networks verification: A comparative study
305,Forward Modeling for Partial Observation Strategy Games - A StarCraft Defogger
306,Latent forward model for Real-time Strategy game planning with incomplete information
307,Reward Design in Cooperative Multi-agent Reinforcement Learning for Packet Routing
308,Adversary A3C for Robust Reinforcement Learning
309,Maintaining cooperation in complex social dilemmas using deep reinforcement learning
310,Autonomous Vehicle Fleet Coordination With Deep Reinforcement Learning
311,Explicit Induction Bias for Transfer Learning with Convolutional Networks
312,Feat2Vec:  Dense Vector Representation for Data with Arbitrary Features
313,Correcting Nuisance Variation using Wasserstein Distance
314,Neural Clustering By Predicting And Copying Noise
315,Prototype Matching Networks for Large-Scale Multi-label  Genomic Sequence Classification
316,Learning non-linear transform with discriminative and minimum information loss priors
317,The Set Autoencoder: Unsupervised Representation Learning for Sets
318,No Title
319,Make SVM great again with Siamese kernel for  few-shot learning
320,Label Embedding Network: Learning Label Representation for Soft Training of Deep Networks
321,Structured Deep Factorization Machine: Towards General-Purpose Architectures
322,Simple Fast Convolutional Feature Learning
323,Recurrent Auto-Encoder Model for Multidimensional Time Series Representation
324,Learning to diagnose from scratch by exploiting dependencies among labels
325,Classification and Disease Localization in Histopathology Using Only Global Labels: A Weakly-Supervised Approach
326,End-to-End Abnormality Detection in Medical Imaging
327,Using Deep Reinforcement Learning to Generate Rationales for Molecules
328,Subspace Network: Deep Multi-Task Censored Regression for Modeling Neurodegenerative Diseases
329,Data-driven Feature Sampling for Deep Hyperspectral Classification and Segmentation
330,TESLA: Task-wise Early Stopping and Loss Aggregation for Dynamic Neural Network Inference
331,Siamese Survival Analysis with Competing Risks
332,Relational Multi-Instance Learning for Concept Annotation from Medical Time Series
333,Deep Temporal Clustering: Fully unsupervised learning of time-domain features
334,Lung Tumor Location and Identification with AlexNet and a Custom CNN
335,ENRICHMENT OF FEATURES FOR CLASSIFICATION USING AN OPTIMIZED LINEAR/NON-LINEAR COMBINATION OF INPUT FEATURES
336,The Cramer Distance as a Solution to Biased Wasserstein Gradients
337,Stabilizing GAN Training with Multiple Random Projections
338,Novelty Detection with GAN
339,Anomaly Detection with Generative Adversarial Networks
340,NOVEL AND EFFECTIVE PARALLEL MIX-GENERATOR GENERATIVE ADVERSARIAL NETWORKS
341,A Classification-Based Perspective on GAN Distributions
342,LatentPoison -- Adversarial Attacks On The Latent Space
343,No Title
344,On Convergence and Stability of GANs
345,Improve Training Stability of Semi-supervised Generative Adversarial Networks with Collaborative Training
346,Phase Conductor on Multi-layered Attentions for Machine Comprehension
347,Unsupervised Learning of Entailment-Vector Word Embeddings
348,"Model Specialization for Inference Via End-to-End Distillation, Pruning, and Cascades"
349,A Simple Fully Connected Network for Composing Word Embeddings from Characters
350,One-shot and few-shot learning of word embeddings
351,Learning Dynamic State Abstractions for Model-Based Reinforcement Learning
352,Learning Independent Causal Mechanisms
353,A Semantic Loss Function for Deep Learning with Symbolic Knowledge
354,AMPNet: Asynchronous Model-Parallel Training for Dynamic Neural Networks
355,Learning to select examples for program synthesis
356,Learning Less-Overlapping Representations
357,Data-efficient Deep Reinforcement Learning for Dexterous Manipulation
358,Sequential Coordination of Deep Models for Learning Visual Arithmetic
359,Theoretical properties of the global optimizer of two-layer Neural Network
360,Recurrent Neural Networks with Top-k Gains for Session-based Recommendations
361,Small Coresets to Represent Large Training Data for Support Vector Machines
362,Quadrature-based features for kernel approximation
363,A Spectral Approach to Generalization and Optimization in Neural Networks
364,On Optimality Conditions for Auto-Encoder Signal Recovery
365,UNSUPERVISED METRIC LEARNING VIA NONLINEAR FEATURE SPACE TRANSFORMATIONS
366,Understanding Local Minima in Neural Networks by Loss Surface Decomposition
367,Unsupervised Adversarial Anomaly  Detection using One-Class Support Vector Machines
368,Demystifying overcomplete nonlinear auto-encoders: fast SGD convergence towards sparse representation from random initialization
369,Learning Priors for Adversarial Autoencoders
370,Towards Safe Deep Learning: Unsupervised Defense Against Generic Adversarial Attacks
371,The Information-Autoencoding Family: A Lagrangian Perspective on Latent Variable Generative Modeling
372,Interpretable and Pedagogical Examples
373,Thinking like a machine — generating visual rationales through latent space optimization
374,Distribution Regression Network
375,Entropy-SGD optimizes the prior of a PAC-Bayes bound: Data-dependent PAC-Bayes priors via differential privacy
376,Contextual Explanation Networks
377,Grouping-By-ID: Guarding Against Adversarial Domain Shifts
378,INTERPRETATION OF NEURAL NETWORK IS FRAGILE
379,Explaining the Mistakes of Neural Networks with Latent Sympathetic Examples
380,The (Un)reliability of saliency methods
381,Influence-Directed Explanations for Deep Convolutional Networks
382,Interpretable Classification via Supervised Variational Autoencoders and Differentiable Decision Trees
383,Predicting Auction Price of Vehicle License Plate with Deep Recurrent Neural Network
384,PrivyNet: A Flexible Framework for Privacy-Preserving Deep Neural Network Training
385,Learning to Infer Graphics Programs from Hand-Drawn Images
386,Reinforcement and Imitation Learning for Diverse Visuomotor Skills
387,"LSD-Net: Look, Step and Detect for Joint Navigation and Multi-View Recognition with Deep Reinforcement Learning"
388,Egocentric Spatial Memory Network
389,Clipping Free Attacks Against Neural Networks
390,Deep Learning Inferences with Hybrid Homomorphic Encryption
391,No Title
392,No Title
393,Toward predictive machine learning for active vision
394,Don't encrypt the data; just approximate the model Towards Secure Transaction and Fair Pricing of Training Data
395,TOWARDS ROBOT VISION MODULE DEVELOPMENT WITH EXPERIENTIAL ROBOT LEARNING
396,APPLICATION OF DEEP CONVOLUTIONAL NEURAL NETWORK TO PREVENT ATM FRAUD BY FACIAL DISGUISE IDENTIFICATION
397,Auxiliary Guided Autoregressive Variational Autoencoders
398,A Bayesian Nonparametric Topic Model with Variational Auto-Encoders
399,SHADE: SHAnnon DEcay Information-Based Regularization for Deep Learning
400,LSH Softmax: Sub-Linear Learning and Inference of the Softmax Layer in Deep Architectures
401,The Context-Aware Learner
402,Combining Model-based and Model-free RL via Multi-step Control Variates
403,Learning Deep Generative Models With Discrete Latent Variables
404,The Mutual Autoencoder: Controlling Information in Latent Code Representations
405,Towards Unsupervised Classification with Deep Generative Models
406,Preliminary theoretical troubleshooting in Variational Autoencoder
407,Understanding Deep Learning Generalization by Maximum Entropy
408,Learning Weighted Representations for Generalization Across Designs
409,Meta-Learning Transferable Active Learning Policies by Deep Reinforcement Learning
410,CyCADA: Cycle-Consistent Adversarial Domain Adaptation
411,Automatic Goal Generation for Reinforcement Learning Agents
412,Incremental Learning through Deep Adaptation
413,Discriminative k-shot learning using probabilistic models
414,Variance Regularizing Adversarial Learning
415,Lifelong Word Embedding via Meta-Learning
416,Domain Adaptation for Deep Reinforcement Learning in Visually Distinct Games
417,Learning Covariate-Specific Embeddings with Tensor Decompositions
418,Tensor Contraction & Regression Networks
419,Compact Neural Networks based on the Multiscale Entanglement Renormalization Ansatz
420,ElimiNet: A Model for Eliminating Options for Reading Comprehension with Multiple Choice Questions
421,Machine Learning by Two-Dimensional Hierarchical Tensor Networks: A Quantum Information Theoretic Perspective on Deep Architectures
422,Comparison of Paragram and GloVe Results for Similarity Benchmarks
423,GraphVAE: Towards Generation of Small Graphs Using Variational Autoencoders
424,Bayesian Hypernetworks
425,Variational Bi-LSTMs
426,Efficient Exploration through Bayesian   Deep Q-Networks
427,Gaussian Process Neurons
428,Bayesian Uncertainty Estimation for Batch Normalized Deep Networks
429,Continuous-fidelity Bayesian Optimization with Knowledge Gradient
430,No Title
431,Gating out sensory noise in a spike-based Long Short-Term Memory network
432,Learning to Treat Sepsis with Multi-Output Gaussian Process Deep Recurrent Q-Networks
433,DeepArchitect: Automatically Designing and Training Deep Architectures
434,Open Loop Hyperparameter Optimization and Determinantal Point Processes
435,Alpha-divergence bridges maximum likelihood and reinforcement learning in neural sequence generation
436,Noise-Based Regularizers for Recurrent Neural Networks
437,Neighbor-encoder
438,Weighted Transformer Network for Machine Translation
439,Training RNNs as Fast as CNNs
440,Long Short-Term Memory as a Dynamically Computed Element-wise Weighted Sum
441,Building effective deep neural networks one feature at a time
442,DNN Feature Map Compression using Learned Representation over GF(2)
443,Data Augmentation by Pairing Samples for Images Classification
444,Connectivity Learning in Multi-Branch Networks
445,HybridNet: A Hybrid Neural Architecture to Speed-up Autoregressive  Models
446,ShakeDrop regularization
447,POLICY DRIVEN GENERATIVE ADVERSARIAL NETWORKS FOR ACCENTED SPEECH GENERATION
448,UCB EXPLORATION VIA Q-ENSEMBLES
449,Avoiding Catastrophic States with Intrinsic Fear
450,Faster Reinforcement Learning with Expert State Sequences
451,Learning to Mix n-Step Returns: Generalizing Lambda-Returns for Deep Reinforcement Learning
452,Structured Exploration via Hierarchical Variational Policy Networks
453,Sample-Efficient Deep Reinforcement Learning via Episodic Backward Update
454,PARAMETRIZED DEEP Q-NETWORKS LEARNING: PLAYING ONLINE BATTLE ARENA WITH DISCRETE-CONTINUOUS HYBRID ACTION SPACE
455,Model-based imitation learning from state trajectories
456,Time Limits in Reinforcement Learning
457,A dynamic game approach to training robust deep policies
458,Multi-Advisor Reinforcement Learning
459,An inference-based policy gradient method for learning options
460,TD Learning with Constrained Gradients
461,Learning to play slot cars and Atari 2600 games in just minutes
462,Deterministic Policy Imitation Gradient Algorithm
463,Softmax Q-Distribution Estimation for Structured Prediction: A Theoretical Interpretation for RAML
464,Policy Gradient For Multidimensional Action Spaces: Action Sampling and Entropy Bonus
465,Variance Regularized Counterfactual Risk Minimization via Variational Divergence Minimization
466,PACT: Parameterized Clipping Activation for Quantized Neural Networks
467,Heterogeneous Bitwidth Binarization in Convolutional Neural Networks
468,Predicting Multiple Actions for Stochastic Continuous Control
469,The Principle of Logit Separation
470,Balanced and Deterministic Weight-sharing Helps Network Performance
471,Simple Nearest Neighbor Policy Method for Continuous Control Tasks
472,Deep Lipschitz networks and Dudley GANs
473,Cheap DNN Pruning with Performance Guarantees
474,Bounding and Counting Linear Regions of Deep Neural Networks
475,Improving generalization by regularizing in $L^2$ function space
476,BLOCK-NORMALIZED GRADIENT METHOD: AN EMPIRICAL STUDY FOR TRAINING DEEP NEURAL NETWORK
477,Deep Function Machines: Generalized Neural Networks for Topological Layer Expression
478,Three factors influencing minima in SGD
479,Diffusing Policies : Towards Wasserstein Policy Gradient Flows
480,Convergence rate of sign stochastic gradient descent for non-convex functions
481,Parametric Manifold Learning Via Sparse Multidimensional Scaling
482,Sparse Regularized Deep Neural Networks For Efficient Embedded Learning
483,Generation and Consolidation of Recollections for Efficient Deep Lifelong Learning
484,Acquiring Target Stacking Skills by Goal-Parameterized Deep Reinforcement Learning
485,TRL: Discriminative Hints for Scalable Reverse Curriculum Learning
486,Combination of Supervised and Reinforcement Learning For Vision-Based Autonomous Control
487,Reward Estimation via State Prediction
488,AUTOMATA GUIDED HIERARCHICAL REINFORCEMENT LEARNING FOR ZERO-SHOT SKILL COMPOSITION
489,Model Distillation with Knowledge Transfer from Face Classification to Alignment and Verification
490,Soft Value Iteration Networks for Planetary Rover Path Planning
491,Hybed: Hyperbolic Neural Graph Embedding
492,Generalized Graph Embedding Models
493,TCAV: Relative concept importance testing with Linear Concept Activation Vectors
494,Link Weight Prediction with Node Embeddings
495,Generative Discovery of Relational Medical Entity Pairs
496,A closer look at the word analogy problem
497,Exploring the Space of Black-box Attacks on Deep Neural Networks
498,Transformation Autoregressive Networks
499,Recursive Binary Neural Network Learning Model  with 2-bit/weight Storage Requirement
500,Stochastic Hyperparameter Optimization through Hypernetworks
501,Multiscale Hidden Markov Models For Covariance Prediction
502,Learning Sparse Structured Ensembles with SG-MCMC and Network Pruning
503,Long-term Forecasting using Tensor-Train RNNs
504,A Boo(n) for Evaluating Architecture Performance
505,A novel method to determine the number of latent dimensions with SVD
506,Hyperedge2vec: Distributed Representations for Hyperedges
507,Causal Generative Neural Networks
508,Energy-Based Spherical Sparse Coding
509,Revisiting Denoising Auto-Encoders
510,End-to-End Learnable Histogram Filters
511,Rotation Plane Doubly Orthogonal Recurrent Neural Networks
512,Near-Data Processing for Machine Learning
513,Investigating Recurrence and Eligibility Traces in Deep Q-Networks
514,Exploring the Application of Deep Learning for Supervised Learning Problems
515,An Empirical Analysis of Deep Network Loss Surfaces
516,Unsupervised Learning Using Generative Adversarial Training And Clustering
517,#Exploration: A Study of Count-Based Exploration for Deep Reinforcement Learning
518,Prototypical Networks for Few-shot Learning
519,On orthogonality and learning recurrent networks with long term dependencies
520,Deep Neural Networks and the Tree of Life
521,Generative Adversarial Parallelization
522,b-GAN: Unified Framework of Generative Adversarial Networks
523,Higher Order Recurrent Neural Networks
524,Generative Adversarial Networks as Variational Training of Energy Based Models
525,Introducing Active Learning for CNN under the light of Variational Inference
526,An Information Retrieval Approach for Finding Dependent Subspaces of Multiple Views
527,Character-aware Attention Residual Network for Sentence Representation
528,Attentive Recurrent Comparators
529,CAN AI GENERATE LOVE ADVICE?: TOWARD NEURAL ANSWER GENERATION FOR NON-FACTOID QUESTIONS
530,Boosted Generative Models
531,Adversarial examples for generative models
532,Towards Information-Seeking Agents
533,Multi-label learning with the RNNs for Fashion Search
534,Differentiable Canonical Correlation Analysis
535,Generating Long and Diverse Responses with Neural Conversation Models
536,Understanding intermediate layers using linear classifier probes
537,Improving Invariance and Equivariance Properties of Convolutional Neural Networks
538,TreNet: Hybrid Neural Networks for Learning the Local Trend in Time Series
539,Intelligible Language Modeling with Input Switched Affine Networks
540,Sequence generation with a physiologically plausible model of handwriting and Recurrent Mixture Density Networks
541,CONTENT2VEC: SPECIALIZING JOINT REPRESENTATIONS OF PRODUCT IMAGES AND TEXT FOR THE TASK OF PRODUCT RECOMMENDATION
542,Out-of-class novelty generation: an experimental foundation
543,A Joint Many-Task Model: Growing a Neural Network for Multiple NLP Tasks
544,Representation Stability as a Regularizer for Improved Text Analytics Transfer Learning
545,Extensions and Limitations of the Neural GPU
546,DeepRebirth: A General Approach for Accelerating Deep Neural Network Execution on Mobile Devices
547,Semi-Supervised Detection of Extreme Weather Events in Large Climate Datasets
548,Structured Sequence Modeling with Graph Convolutional Recurrent Networks
549,End-to-End Answer Chunk Extraction and Ranking for Reading Comprehension
550,Sample Importance in Training Deep Neural Networks
551,Epitomic Variational Autoencoders
552,Learning Disentangled Representations in Deep Generative Models
553,Low-rank passthrough neural networks
554,Inference and Introspection in Deep Generative Models of Sparse Data
555,Implicit ReasoNet: Modeling Large-Scale Structured Relationships with Shared Memory
556,Neural Combinatorial Optimization with Reinforcement Learning
557,Wav2Letter: an End-to-End ConvNet-based Speech Recognition System
558,Recurrent Neural Networks for Multivariate Time Series with Missing Values
559,Group Sparse CNNs for Question Sentence Classification with Answer Sets
560,NEWSQA: A MACHINE COMPREHENSION DATASET
561,Gated-Attention Readers for Text Comprehension
562,Neural Code Completion
563,Here's My Point: Argumentation Mining with Pointer Networks
564,Tree-Structured Variational Autoencoder
565,Learning Approximate Distribution-Sensitive Data Structures
566,Memory-augmented Attention Modelling for Videos
567,Taming the waves: sine as activation function in deep neural networks
568,Convolutional Neural Networks Generalization Utilizing the Data Graph Structure
569,Evaluation of Defensive Methods for DNNs against Multiple Adversarial Evasion Models
570,Collaborative Deep Embedding via Dual Networks
571,Transformation-based Models of Video Sequences
572,Neural Causal Regularization under the Independence of Mechanisms Assumption
573,Recurrent Coevolutionary Feature Embedding Processes for Recommendation
574,L-SR1: A Second Order Optimization Method for Deep Learning
575,Inverse Problems in Computer Vision using  Adversarial  Imagination Priors
576,Leveraging Asynchronicity in Gradient Descent for Scalable Deep Learning
577,Dynamic Steerable Frame Networks
578,Adding Gradient Noise Improves Learning for Very Deep Networks
579,Joint Training of Ratings and Reviews with Recurrent Recommender Networks
580,Counterpoint by Convolution
581,The loss surface of residual networks: Ensembles and the role of batch normalization
582,Eigenvalues of the Hessian in Deep Learning: Singularity and Beyond
583,Local minima in training of deep networks
584,Communicating Hierarchical Neural Controllers for Learning Zero-shot Task Generalization
585,The Preimage of Rectifier Network Activities
586,Neural Machine Translation with Latent Semantic of Image and Text
587,Submodular Sum-product Networks for Scene Understanding
588,Human perception in computer vision
589,Efficient Summarization with Read-Again and Copy Mechanism
590,Layer Recurrent Neural Networks
591,Gaussian Attention Model and Its Application to Knowledge Base Embedding and Question Answering
592,Cooperative Training of Descriptor and Generator Networks
593,Exploring LOTS in Deep Neural Networks
594,Warped Convolutions: Efficient Invariance to Spatial Transformations
595,Adjusting for Dropout Variance in Batch Normalization and Weight Initialization
596,Rule Mining in Feature Space
597,The Power of Sparsity in Convolutional Neural Networks
598,Multi-view Generative Adversarial Networks
599,Beyond Bilingual: Multi-sense Word Embeddings using Multilingual Context
600,Two Methods for Wild Variational Inference
601,Rethinking Numerical Representations for Deep Neural Networks
602,NEUROGENESIS-INSPIRED DICTIONARY LEARNING: ONLINE MODEL ADAPTION IN A CHANGING WORLD
603,Diverse Beam Search: Decoding Diverse Solutions from Neural Sequence Models
604,Deep Generalized Canonical Correlation Analysis
605,A Context-aware Attention Network for Interactive Question Answering
606,Recurrent Inference Machines for Solving Inverse Problems
607,Semi-Supervised Learning with Context-Conditional Generative Adversarial Networks
608,Investigating Different Context Types and Representations for Learning Word Embeddings
609,The Predictron: End-To-End Learning and Planning
610,Bridging Nonlinearities and Stochastic Regularizers with Gaussian Error Linear Units
611,Alternating Direction Method of Multipliers for Sparse Convolutional Neural Networks
612,Inefficiency of stochastic gradient descent with larger mini-batches (and more learners)
613,The Variational Walkback Algorithm
614,Distributed Transfer Learning for Deep Convolutional Neural Networks by Basic Probability Assignment
615,A hybrid network: Scattering and Convnet
616,FastText.zip: Compressing text classification models
617,Encoding and Decoding Representations with Sum- and Max-Product Networks
618,Sequence to Sequence Transduction with Hard Monotonic Attention
619,Improving Stochastic Gradient Descent with Feedback
620,Neural Graph Machines: Learning Neural Networks Using Graphs
621,Dynamic Neural Turing Machine with Continuous and Discrete Addressing Schemes
622,Is a picture worth a thousand words? A Deep Multi-Modal Fusion Architecture for Product Classification in e-commerce
623,Generative Adversarial Networks for Image Steganography
624,MS MARCO: A Human-Generated MAchine Reading COmprehension Dataset
625,OMG: Orthogonal Method of Grouping With Application of K-Shot Learning
626,GRAM: Graph-based Attention Model for Healthcare Representation Learning
627,Regularizing Neural Networks by Penalizing Confident Output Distributions
628,Options Discovery with Budgeted Reinforcement Learning
629,Unsupervised Learning of State Representations for Multiple Tasks
630,DRAGNN: A Transition-Based Framework for Dynamically Connected Neural Networks
631,Joint Multimodal Learning with Deep Generative Models
632,Hierarchical Memory Networks
633,Towards Understanding the Invertibility of Convolutional Neural Networks
634,Incremental Sequence Learning
635,Boosting Image Captioning with Attributes
636,Skip-graph: Learning graph embeddings with an encoder-decoder model
637,Finding a Jack-of-All-Trades: An Examination of Semi-supervised Learning in Reading Comprehension
638,DyVEDeep: Dynamic Variable Effort Deep Neural Networks
639,Deep Character-Level Neural Machine Translation By Learning Morphology
640,Linear Time Complexity Deep Fourier Scattering Network and Extension to Nonlinear Invariants
641,Annealing Gaussian into ReLU: a New Sampling Strategy for Leaky-ReLU RBM
642,Boosted Residual Networks
643,Multi-task learning with deep model based reinforcement learning
644,Opening the vocabulary of  neural language models with character-level word representations
645,HFH: Homologically Functional Hashing for Compressing Deep Neural Networks
646,The Incredible Shrinking Neural Network: New Perspectives on Learning Representations Through The Lens of Pruning
647,Efficient iterative policy optimization
648,Tensorial Mixture Models
649,An Analysis of Deep Neural Network Models for Practical Applications
650,Playing SNES in the Retro Learning Environment
651,Learning to Understand: Incorporating Local Contexts with Global Attention for Sentiment Classification
652,Fast Adaptation in Generative Models with Generative Matching Networks
653,LipNet: End-to-End Sentence-level Lipreading
654,A Simple yet Effective Method to Prune Dense Layers of Neural Networks
655,Emergent Predication Structure in Vector Representations of Neural Readers
656,Riemannian Optimization for Skip-Gram Negative Sampling
657,RL^2: Fast Reinforcement Learning via Slow Reinforcement Learning
658,Deep Error-Correcting Output Codes
659,Marginal Deep Architectures: Deep learning for Small and Middle Scale Applications
660,Beyond Fine Tuning: A Modular Approach to Learning on Small Data
661,Classify or Select: Neural Architectures for Extractive Document Summarization
662,Tartan: Accelerating Fully-Connected and Convolutional Layers in Deep Learning Networks by Exploiting Numerical Precision Variability
663,Machine Solver for Physics Word Problems
664,Learning Word-Like Units from Joint Audio-Visual Analylsis
665,Multi-modal Variational Encoder-Decoders
666,Reference-Aware Language Models
667,Simple Black-Box Adversarial Perturbations for Deep Networks
668,Unsupervised Pretraining for Sequence to Sequence Learning
669,BIOACOUSTIC SEGMENTATION BY HIERARCHICAL DIRICHLET PROCESS HIDDEN MARKOV MODEL
670,Learning Recurrent Span Representations for Extractive Question Answering
671,A Neural Stochastic Volatility Model
672,Parametric Exponential Linear Unit for Deep Convolutional Neural Networks
673,Unsupervised Deep Learning of State Representation Using Robotic Priors
674,Coarse Pruning of Convolutional Neural Networks with Random Masks
675,ENet: A Deep Neural Network Architecture for Real-Time Semantic Segmentation
676,Understanding trained CNNs by indexing neuron selectivity
677,Multiagent System for Layer Free Network
678,Classless Association using Neural Networks
679,Cat2Vec: Learning Distributed Representation of Multi-field Categorical Data
680,Transformational Sparse Coding
681,No Title
682,Cortical-Inspired Open-Bigram Representation for Handwritten Word Recognition
683,Representing inferential uncertainty in deep neural networks through sampling
684,Making Stochastic Neural Networks from Deterministic Ones
685,Information Dropout: learning optimal representations through noise
686,ReasoNet: Learning to Stop Reading in Machine Comprehension
687,Spatio-Temporal Abstractions in Reinforcement Learning Through Neural Encoding
688,Deep Symbolic Representation Learning for Heterogeneous Time-series Classification
689,A Way out of the Odyssey: Analyzing and Combining Recent Insights for LSTMs
690,Binary Paragraph Vectors
691,Generative Paragraph Vector
692,LSTM-Based System-Call Language Modeling and Ensemble Method for Host-Based Intrusion Detection
693,Deep Variational Canonical Correlation Analysis
694,Non-linear Dimensionality Regularizer for Solving Inverse Problems
695,Revisiting Batch Normalization For Practical Domain Adaptation
696,SqueezeNet: AlexNet-level accuracy with 50x fewer parameters and <0.5MB model size
697,Training Long Short-Term Memory With Sparsified Stochastic Gradient Descent
698,Efficient Calculation of Polynomial Features on Sparse Matrices
699,"ParMAC: distributed optimisation of nested functions, with application to binary autoencoders"
700,Chess Game Concepts Emerge under Weak Supervision: A Case Study of Tic-tac-toe
701,On the Expressive Power of Deep Neural Networks
702,Universality in halting time
703,Learning Identity Mappings with Residual Gates
704,Parallel Stochastic Gradient Descent with Sound Combiners
705,Divide and Conquer with Neural Networks
706,Gradients of Counterfactuals
707,A Convolutional Encoder Model for Neural Machine Translation
708,Deep Convolutional Neural Network Design Patterns
709,An Analysis of Feature Regularization for Low-shot Learning
710,Combating Deep Reinforcement Learning's Sisyphean Curse with Intrinsic Fear
711,Deep Unsupervised Clustering with Gaussian Mixture Variational Autoencoders
712,Improved Architectures for Computer Go
713,Learning Python Code Suggestion with a Sparse Pointer Network
714,Demystifying ResNet
715,Learning similarity preserving representations with neural similarity and context encoders
716,Sentence Ordering using Recurrent Neural Networks
717,Knowledge Adaptation: Teaching to Adapt
718,Enforcing constraints on outputs with unconstrained inference
719,Hierarchical compositional feature learning
720,Learning a Static Analyzer: A Case Study on a Toy Language
721,Filling in the details: Perceiving from low fidelity visual input
722,Modelling Relational Time Series using Gaussian Embeddings
723,Compact Embedding of Binary-coded Inputs and Outputs using Bloom Filters
724,A Deep Learning Approach for Joint Video Frame and Reward Prediction in Atari Games
725,Pedestrian Detection Based On Fast R-CNN and Batch Normalization
726,An Actor-critic Algorithm for Learning Rate Learning
727,Training Group Orthogonal Neural Networks with Privileged Information
728,Progressive Attention Networks for Visual Attribute Prediction
729,A Neural Knowledge Language Model
730,Fuzzy paraphrases in learning word representations with a lexicon
731,What Is the Best Practice for CNNs Applied to Visual Instance Retrieval?
732,Rectified Factor Networks for Biclustering
733,Sampling Generative Networks
734,Learning Locomotion Skills Using DeepRL: Does the Choice of Action Space Matter?
735,Iterative Refinement for Machine Translation
736,Semantic Noise Modeling for Better Representation Learning
737,Ternary Weight Decomposition and Binary Activation Encoding for Fast and Compact Neural Network
738,Vocabulary Selection Strategies for Neural Machine Translation
739,Efficient Communications in Training Large Scale Neural Networks
740,Dynamic Partition Models
741,Learning Efficient Algorithms with Hierarchical Attentive Memory
742,Revisiting Distributed Synchronous SGD
743,New Learning Approach By Genetic Algorithm In A Convolutional Neural Network For Pattern Recognition
744,PREDICTION OF POTENTIAL HUMAN INTENTION USING SUPERVISED COMPETITIVE LEARNING
745,Conditional Image Synthesis With Auxiliary Classifier GANs
746,Multi-label learning with semantic embeddings
747,Significance of Softmax-Based Features over Metric Learning-Based Features
748,Improving Sampling from Generative Autoencoders with Markov Chains
749,Learning to Protect Communications with Adversarial Neural Cryptography
750,Deep unsupervised learning through spatial contrasting
751,SoftTarget Regularization: An Effective Technique to Reduce Over-Fitting in Neural Networks
752,Surprisal-Driven Feedback in Recurrent Networks